imageNo.,url,rating,colour,type
1,https://i.redd.it/gfx457j3bpd71.jpg,3.4,-grey-white,cat
2,https://i.redd.it/jlok7omh9pd71.jpg,9,-grey,cat
3,https://i.redd.it/trtlz7j99pd71.jpg,7.1,-white,cat
4,https://i.redd.it/6s7czl429pd71.jpg,2.8,-white-ginger,cat
5,https://i.redd.it/oshnfycy8pd71.jpg,9.3,-ginger,cat
6,https://i.redd.it/acyh00778pd71.gif,5.7,-grey,cat
7,https://i.redd.it/ce03m2cx7pd71.jpg,8.7,-black,cat
8,https://i.redd.it/z2kgeq8t5pd71.jpg,3.6,-grey-white,cat
9,https://i.redd.it/y81o6v7i5pd71.jpg,6.1,-grey-white-ginger,cat
10,https://i.redd.it/07t9clit4pd71.jpg,None,None,None
11,https://i.redd.it/5siwbcd13pd71.jpg,None,None,None
12,https://i.redd.it/3kghpijt2pd71.jpg,None,None,None
13,https://i.redd.it/hm0i9mmk2pd71.png,None,None,None
14,https://i.redd.it/zbuw34122pd71.jpg,None,None,None
15,https://i.redd.it/9x721hc70pd71.jpg,None,None,None
16,https://i.redd.it/szqp0tgzzod71.jpg,None,None,None
17,https://i.redd.it/66hr9gwczod71.jpg,None,None,None
18,https://i.redd.it/k0j8ezb5zod71.jpg,None,None,None
19,https://i.redd.it/55n5nag1zod71.jpg,None,None,None
20,https://i.redd.it/sp7u02a8xod71.jpg,None,None,None
21,https://i.redd.it/r2zt199twod71.jpg,None,None,None
22,https://i.redd.it/89d92gamuod71.jpg,None,None,None
23,https://i.redd.it/5ju69hwwtod71.jpg,None,None,None
24,https://i.redd.it/g8coptsctod71.jpg,None,None,None
25,https://i.redd.it/6cerywt0tod71.jpg,None,None,None
26,https://i.redd.it/wfmpf7xbsod71.jpg,None,None,None
27,https://i.redd.it/l9lywec6sod71.jpg,None,None,None
28,https://i.redd.it/ed9yd5p3sod71.jpg,None,None,None
29,https://i.redd.it/occ44hsprod71.jpg,None,None,None
30,https://i.redd.it/trmlw981qod71.jpg,None,None,None
